order_id,customer_id,product_id,seller_id,payment_value,review_score,year,month,quarter,date
e481f51cbdc54678b7cc49136f2d6af7,9ef432eb6251297304e76186b10a928d,87285b34884572647811a353c7ac498a,3504c0cb71d7fa48d967e0e4c94d59d9,18.12,4.0,2017,10,4,2017-10-02
e481f51cbdc54678b7cc49136f2d6af7,9ef432eb6251297304e76186b10a928d,87285b34884572647811a353c7ac498a,3504c0cb71d7fa48d967e0e4c94d59d9,2.0,4.0,2017,10,4,2017-10-02
e481f51cbdc54678b7cc49136f2d6af7,9ef432eb6251297304e76186b10a928d,87285b34884572647811a353c7ac498a,3504c0cb71d7fa48d967e0e4c94d59d9,18.59,4.0,2017,10,4,2017-10-02
53cdb2fc8bc7dce0b6741e2150273451,b0830fb4747a6c6d20dea0b8c802d7ef,595fac2a385ac33a80bd5114aec74eb8,289cdb325fb7e7f891c38608bf9e0962,141.46,4.0,2018,7,3,2018-07-24
47770eb9100c2d0c44946d9cf07ec65d,41ce2a54c0b03bf3443c3d931a367089,aa4383b373c6aca5d8797843e5594415,4869f7a5dfa277a7dca6462dcf3b52b2,179.12,5.0,2018,8,3,2018-08-08
949d5b44dbf5de918fe9c16f97b45f8a,f88197465ea7920adcdbec7375364d82,d0b61bfb1de832b15ba9d266ca96e5b0,66922902710d126a0e7d26b0e3805106,72.2,5.0,2017,11,4,2017-11-18
ad21c59c0840e6cb83a9ceb5573f8159,8ab97904e6daea8866dbdbc4fb7aad2c,65266b2da20d04dbe00c5c2d3bb7859e,2c9e548be18521d1c43cde1c582c6de8,28.62,5.0,2018,2,1,2018-02-13
a4591c265e18cb1dcee52889e2d8acc3,503740e9ca751ccdda7ba28e9ab8f608,060cb19345d90064d1015407193c233d,8581055ce74af1daba164fdbd55a40de,175.26,4.0,2017,7,3,2017-07-09
136cce7faa42fdb2cefd53fdc79a6098,ed0271e0b7da060a393796590e7b737a,a1804276d9941ac0733cfd409f5206eb,dc8798cbf453b7e0f98745e396cc5616,65.95,2.0,2017,4,2,2017-04-11
6514b8ad8028c9f2cc2374ded245783f,9bdf08b4b3b52b5526ff42d37d47f222,4520766ec412348b8d4caa5e8a18c464,16090f2ca825584b5a147ab24aa30c86,75.16,5.0,2017,5,2,2017-05-16
76c6e866289321a7c93b82b54852dc33,f54a9f0e6b351c431402b8461ea51999,ac1789e492dcd698c5c10b97a671243a,63b9ae557efed31d1f7687917d248a8d,35.95,1.0,2017,1,1,2017-01-23
e69bfb5eb88e0ed6a785585b27e16dbf,31ad1d1b63eb9962463f764d4e6e0c9d,9a78fb9862b10749a117f7fc3c31f051,7c67e1448b00f6e969d365cea6b010ab,161.42,5.0,2017,7,3,2017-07-29
e69bfb5eb88e0ed6a785585b27e16dbf,31ad1d1b63eb9962463f764d4e6e0c9d,9a78fb9862b10749a117f7fc3c31f051,7c67e1448b00f6e969d365cea6b010ab,8.34,5.0,2017,7,3,2017-07-29
e6ce16cb79ec1d90b1da9085a6118aeb,494dded5b201313c64ed7f100595b95c,08574b074924071f4e201e151b152b4e,001cca7ae9ae17fb1caed9dfb1094831,259.06,1.0,2017,5,2,2017-05-16
34513ce0c4fab462a55830c0989c7edb,7711cf624183d843aafe81855097bc37,f7e0fa615b386bc9a8b9eb52bc1fff76,87142160b41353c4e5fca2360caf6f92,114.13,4.0,2017,7,3,2017-07-13
82566a660a982b15fb86e904c8d32918,d3e3b74c766bc6214e0c830b17ee2341,72a97c271b2e429974398f46b93ae530,094ced053e257ae8cae57205592d6712,50.13,5.0,2018,6,2,2018-06-07
5ff96c15d0b717ac6ad1f3d77225a350,19402a48fe860416adf93348aba37740,10adb53d8faa890ca7c2f0cbcb68d777,1900267e848ceeba8fa32d80c1a5f5a8,32.7,5.0,2018,7,3,2018-07-25
432aaf21d85167c2c86ec9448c4e42cc,3df704f53d3f1d4818840b34ec672a9f,72d3bf1d3a790f8874096fcf860e3eff,0bae85eb84b9fb3bd773911e89288d54,54.36,4.0,2018,3,1,2018-03-01
dcb36b511fcac050b97cd5c05de84dc3,3b6828a50ffe546942b7a473d70ac0fc,009c09f439988bc06a93d6b8186dce73,89a51f50b8095ea78d5768f34c13a76f,146.45,5.0,2018,6,2,2018-06-07
403b97836b0c04a622354cf531062e5f,738b086814c6fcc74b8cc583f8516ee3,638bbb2a5e4f360b71f332ddfebfd672,c4af86330efa7a2620772227d2d670c9,1376.45,0.0,2018,1,1,2018-01-02
116f0b09343b49556bbad5f35bee0cdf,3187789bec990987628d7a9beb4dd6ac,a47295965bd091207681b541b26e40a5,ea8482cd71df3c1969d7b9473ff13abc,43.09,5.0,2017,12,4,2017-12-26
85ce859fd6dc634de8d2f1e290444043,059f7fc5719c7da6cbafe370971a8d70,cce679660c66e6fbd5c8091dfd29e9cd,d2374cbcbb3ca4ab1086534108cc3ab7,29.75,5.0,2017,11,4,2017-11-21
83018ec114eee8641c97e08f7b4e926f,7f8c8b9c2ae27bf3300f670c3d478be8,c35498fbb4358837ae16850f50c3fd22,70a12e78e608ac31179aea7f8422044b,62.15,4.0,2017,10,4,2017-10-26
83018ec114eee8641c97e08f7b4e926f,7f8c8b9c2ae27bf3300f670c3d478be8,c35498fbb4358837ae16850f50c3fd22,70a12e78e608ac31179aea7f8422044b,24.86,4.0,2017,10,4,2017-10-26
83018ec114eee8641c97e08f7b4e926f,7f8c8b9c2ae27bf3300f670c3d478be8,c35498fbb4358837ae16850f50c3fd22,70a12e78e608ac31179aea7f8422044b,5.96,4.0,2017,10,4,2017-10-26
203096f03d82e0dffbc41ebc2e2bcfb7,d2b091571da224a1b36412c18bc3bbfe,5ac9d9e379c606e36a8094a6046f75dc,633ecdf879b94b5337cca303328e4a25,118.86,2.0,2017,9,3,2017-09-18
f848643eec1d69395095eb3840d2051e,4fa1cd166fa598be6de80fa84eaade43,2b4609f8948be18874494203496bc318,cc419e0650a3c5ba77189a1882b7556a,88.9,5.0,2018,3,1,2018-03-15
2807d0e504d6d4894d41672727bc139f,72ae281627a6102d9b3718528b420f8a,6893767814d1ac82a81bcd365e1cc918,8b321bb669392f5163d04c59e235e066,17.28,3.0,2018,2,1,2018-02-03
95266dbfb7e20354baba07964dac78d5,a166da34890074091a942054b36e4265,bb7181410b4e02f93f3697f765db53c7,855668e0971d4dfd7bef1b6a4133b41b,187.57,4.0,2018,1,1,2018-01-08
f3e7c359154d965827355f39d6b1fdac,62b423aab58096ca514ba6aa06be2f98,e99d69efe684efaa643f99805f7c81bc,55c26bcb609f480eb7868594245febb5,104.11,5.0,2018,8,3,2018-08-09
fbf9ac61453ac646ce8ad9783d7d0af6,3a874b4d4c4b6543206ff5d89287f0c3,7b717060aa783eb7f23a747a3a733dd7,c0563dd588b775f2e37747ef6ad6c92c,125.43,2.0,2018,2,1,2018-02-20
acce194856392f074dbf9dada14d8d82,7e20bf5ca92da68200643bda76c504c6,d70f38e7f79c630f8ea00c993897042c,977f9f63dd360c2a32ece2f93ad6d306,227.68,1.0,2018,6,2,2018-06-04
acce194856392f074dbf9dada14d8d82,7e20bf5ca92da68200643bda76c504c6,9451e630d725c4bb7a5a206b48b99486,d673a59aac7a70d8b01e6902bf090a11,227.68,1.0,2018,6,2,2018-06-04
dd78f560c270f1909639c11b925620ea,8b212b9525f9e74e85e37ed6df37693e,00baba5b58e274d0332a0c8a0a66f877,d3f39f05462b79a4562d35893a28f159,60.69,5.0,2018,3,1,2018-03-12
91b2a010e1e45e6ba3d133fa997597be,cce89a605105b148387c52e286ac8335,ba74c6b75d2ad7503175809688d5a03c,7d13fca15225358621be4086e1eb0964,192.68,4.0,2018,5,2,2018-05-02
ecab90c9933c58908d3d6add7c6f5ae3,761df82feda9778854c6dafdaeb567e4,c0db539123a403f670c50237d970b215,f7720c4fa8e3aba4546301ab80ea1f1b,63.34,4.0,2018,2,1,2018-02-25
f70a0aff17df5a6cdd9a7196128bd354,456dc10730fbdba34615447ea195d643,cafd558df4c3c9d1c338ba6930ea9a62,5dceca129747e92ff8ef7a997dc4f8ca,313.19,2.0,2017,8,3,2017-08-10
1790eea0b567cf50911c057cf20f90f9,52142aa69d8d0e1247ab0cada0f76023,2d8f2be4f08788ee3bf5356af2b2ee6c,d91fb3b7d041e83b64a00a3edfb37e4f,224.9,1.0,2018,4,2,2018-04-16
989225ba6d0ebd5873335f7e01de2ae7,816f8653d5361cbf94e58c33f2502a5c,6b64362e89896be7589621df54be089e,77530e9772f57a62c906e1c21538ab82,63.1,4.0,2017,12,4,2017-12-12
d887b52c6516beb39e8cd44a5f8b60f7,d9ef95f98d8da3b492bb8c0447910498,39a9942865c056ed2006a5e8c11d9537,ba5daa4041e1f15cdf34b76e3e18a450,100.25,5.0,2018,2,1,2018-02-03
b276e4f8c0fb86bd82fce576f21713e0,cf8ffeddf027932e51e4eae73b384059,c6c1f263e076bd9c1f1640250a5d0c29,fe2032dab1a61af8794248c8196565c9,188.41,5.0,2018,7,3,2018-07-29
8563039e855156e48fccee4d611a3196,5f16605299d698660e0606f7eae2d2f9,bff2010b28e8fbcff5a9db9d3fea5ac4,955fee9216a65b617aa5c0531780ce60,106.95,5.0,2018,2,1,2018-02-17
60550084e6b4c0cb89a87df1f3e5ebd9,f5458ddc3545711efa883dd7ae7c4497,9b37a918bcf2c8e1064e867cf1df4637,f27e33c6d29b5138fa9967bcd445b6d5,66.79,4.0,2018,2,1,2018-02-21
5acce57f8d9dfd55fa48e212a641a69d,295ae9b35379e077273387ff64354b6f,0cd9f302c8a5b076ffa5c3567c6705fd,85d9eb9ddc5d00ca9336a2219c97bb13,43.0,5.0,2017,7,3,2017-07-31
434d158e96bdd6972ad6e6d73ddcfd22,2a1dfb647f32f4390e7b857c67458536,c7df652246ed7b3300aaf46960c141e4,a5cba26a62b8b4d0145b68b841e62e7f,508.17,5.0,2018,6,2,2018-06-01
7206b86ea789983f7a273ea7fa0bc2a8,3391c4bc11a817e7973e498b0b023158,9a469eaf45dfbc43d39ba1977a3c07af,d2374cbcbb3ca4ab1086534108cc3ab7,49.69,3.0,2018,3,1,2018-03-26
1e7aff52cdbb2451ace09d0f848c3699,ddaff536587109b89777e0353215e150,8c591ab0ca519558779df02023177f44,a1043bafd471dff536d0c462352beb48,154.19,5.0,2017,5,2,2017-05-19
6ea2f835b4556291ffdc53fa0b3b95e8,c7340080e394356141681bd4c9b8fe31,be021417a6acb56b9b50d3fd2714baa8,f5f46307a4d15880ca14fab4ad9dfc9b,356.12,1.0,2017,11,4,2017-11-24
948097deef559c742e7ce321e5e58919,8644be24d48806bc3a88fd59fb47ceb1,cd935d283d47f1050c505e1c39c48b67,a3a38f4affed601eb87a97788c949667,95.67,5.0,2017,8,3,2017-08-04
d22e9fa5731b9e30e8b27afcdc2f8563,756fb9391752dad934e0fe3733378e57,f410090aec61f7c73748ca894286edcd,980640c45d7a4635885491d077167e4d,121.62,4.0,2018,8,3,2018-08-04
ee64d42b8cf066f35eac1cf57de1aa85,caded193e8e47b8362864762a83db3c5,c50ca07e9e4db9ea5011f06802c0aea0,e9779976487b77c6d4ac45f75ec7afe9,22.36,1.0,2018,6,2,2018-06-04
6ebaec694d7025e2ad4a05dba887c032,4f28355e5c17a4a42d3ce2439a1d4501,e251ebd2858be1aa7d9b2087a6992580,001cca7ae9ae17fb1caed9dfb1094831,153.72,1.0,2017,5,2,2017-05-18
d17dc4a904426827ca80f2ccb3a6be56,569cf68214806a39acc0f39344aea67f,ba4bfbf74dbe7ab37e263b9326da0523,f8db351d8c4c4c22c6835c19a46f01b0,54.82,4.0,2017,5,2,2017-05-14
25f4376934e13d3508486352e11a5db0,12fd2740039676063a874b9567dfa651,aca2eb7d00ea1a7b8ebd4e68314663af,955fee9216a65b617aa5c0531780ce60,82.33,5.0,2018,5,2,2018-05-17
5820a1100976432c7968a52da59e9364,2b56e94c2f66f2d97cfa63356f69cee8,1deda1acffb44ed38494667d7e49a9f3,f52c2422904463fdd7741f99045fecb6,52.24,5.0,2018,7,3,2018-07-29
2ce1ad82022c1ba30c2079502ac725aa,7f2178c5d771e17f507d3c1637339298,f35927953ed82e19d06ad3aac2f06353,669ae81880e08f269a64487cfb287169,130.56,5.0,2017,8,3,2017-08-09
138849fd84dff2fb4ca70a0a34c4aa1c,9b18f3fc296990b97854e351334a32f6,304fad8dc4d2012dc4062839972f2d96,6860153b69cc696d5dcfe1cdaaafcf62,52.84,5.0,2018,2,1,2018-02-01
47aa4816b27ba60ec948cd019cc1afc1,148348ff65384b4249b762579532e248,1501b0033c68a37fa9560033a440e529,33cbbec1e7e1044aaf11d152172c776f,71.91,5.0,2018,6,2,2018-06-26
9faeb9b2746b9d7526aef5acb08e2aa0,79183cd650e2bb0d475b0067d45946ac,f48eb5c2fde13ca63664f0bb05f55346,f7ba60f8c3f99e7ee4042fdef03b70c4,151.04,1.0,2018,7,3,2018-07-26
641fb0752bf5b5940c376b3a8bb9dc52,f5afca14dfa9dc64251cf2b45c54c363,60184212dae4e6b0da32bf54271a8c4a,b33e7c55446eabf8fe1a42d037ac7d6d,386.33,4.0,2017,12,4,2017-12-15
e425680f760cbc130be3e53a9773c584,f178c1827f67a8467b0385b7378d951a,9ecadb84c81da840dbf3564378b586e9,1025f0e2d44d7041d6cf58b6550e0bfa,50.25,5.0,2017,8,3,2017-08-31
40c5e18f7d112b59b3e5113a59a905b3,67407057a7d5ee17d1cd09523f484d13,595fac2a385ac33a80bd5114aec74eb8,ef0ace09169ac090589d85746e3e036f,128.68,5.0,2018,6,2,2018-06-11
734e7d1bbaeb2ff82521ca0fe6fb6f79,2932d241d1f31e6df6c701d52370ae02,278b3c6462e86b4556b99989513ddf73,d1ef48b38baca7e831711c4a0aeb398f,43.46,5.0,2018,6,2,2018-06-11
66e4624ae69e7dc89bd50222b59f581f,684fa6da5134b9e4dab731e00011712d,b37b72d5a56f887725c2862184b8cab8,db4350fd57ae30082dec7acbaacc17f9,91.68,1.0,2018,3,1,2018-03-09
a685d016c8a26f71a0bb67821070e398,911e4c37f5cafe1604fe6767034bf1ae,ebd7c847c1e1cb69ec374ae0ebee1f4c,391fc6631aebcf3004804e51b40bcf1e,99.26,1.0,2017,3,1,2017-03-13
2edfd6d1f0b4cd0db4bf37b1b224d855,241e78de29b3090cfa1b5d73a8130c72,30469bb5ea377eae7121981e2f0778e4,80e6699fe29150b372a0c8a1ebf7dcc8,141.15,5.0,2017,6,2,2017-06-13
68873cf91053cd11e6b49a766db5af1a,4632eb5a8f175f6fe020520ae0c678f3,15a9e834e89eab39d973492882c658d6,a673821011d0cec28146ea42f5ab767f,91.66,4.0,2017,11,4,2017-11-30
f346ad4ee8f630e5e4ddaf862a34e6dd,dd5095632e3953fc0947b8ab5176b0be,4ce99ff9dcb7821acd8e599d5d4a6531,70125af26c2d6d4ef401a1d02ae7701f,53.66,5.0,2018,8,3,2018-08-05
8f06cc6465925031568537b815f1198d,9916715c2ab6ee1710c9c32f0a534ad2,12087840651e83b48206b82c213b76fd,5b925e1d006e9476d738aa200751b73b,317.34,5.0,2017,11,4,2017-11-15
ccbabeb0b02433bd0fcbac46e70339f2,c77ee2d8ba1614a4d489a44166894938,89321f94e35fc6d7903d36f74e351d40,16090f2ca825584b5a147ab24aa30c86,43.0,4.0,2018,2,1,2018-02-19
688052146432ef8253587b930b01a06d,81e08b08e5ed4472008030d70327c71f,d1c427060a0f73f6b889a5c7c61f2ac4,a1043bafd471dff536d0c462352beb48,346.09,4.0,2018,4,2,2018-04-22
688052146432ef8253587b930b01a06d,81e08b08e5ed4472008030d70327c71f,db56f6d2b04c89eae4daba188842fd7b,2a84855fd20af891be03bc5924d2b453,346.09,4.0,2018,4,2,2018-04-22
f271576bed568e896f99eb710cd3a6f8,5dda11942d4f77bee3a46d71e442aec4,d457916b4fdc60154ed93b5dd3e6fd69,76d64c4aca3a7baf218bf93ef7fa768d,824.76,3.0,2018,1,1,2018-01-07
686541986ecfb7d9296eb67719973bf0,74805bc388861fa350ed2fade8444e0b,3014e35fd70fce29095ced5cdc89f4ce,5656537e588803a555b8eb41f07a944b,39.99,4.0,2018,2,1,2018-02-10
68e48e68da1f50f7c5838ea75e3a20dd,4afc1dcca5fe8926fc97d60a4497f8ab,a659cb33082b851fb87a33af8f0fff29,817245bcc3badd82bbd222e0366951a6,392.6,5.0,2018,6,2,2018-06-18
b52cc4919de82b4d696a4380d10804a3,be8c14c16a4d47194ccdfe10f1fc5b1a,7564c1759c04fc0a38f2aa84f7a370ee,6860153b69cc696d5dcfe1cdaaafcf62,55.02,5.0,2018,6,2,2018-06-13
fdf128b3630c21adc9ca4fb8a51b68ec,a9d37ddc8ba4d9f6dbac7d8ec378cc95,89321f94e35fc6d7903d36f74e351d40,16090f2ca825584b5a147ab24aa30c86,46.2,3.0,2018,7,3,2018-07-15
a6aeb116d2cb5013eb8a94585b71ffef,bb2f5e670f7155dc622c57e4b31d0a69,163e6400e6dadd0fe04775c5e9331fda,855668e0971d4dfd7bef1b6a4133b41b,59.34,5.0,2017,9,3,2017-09-13
fa516182d28f96f5f5c651026b0749ee,55e6b290205c84ddd23ddf5eb134efd4,e932008cf0ea7c93a077dd8d7e5f49eb,fcdd820084f17e9982427971e4e9d47f,209.41,5.0,2018,4,2,2018-04-13
6abaad69b8b349c3a529b4b91ce18e46,f5618502bee8eafdee72fb6955e2ebdf,3dd6c9d499e7c311a29e08afe1fd8fc6,537eb890efff034a88679788b647c564,57.0,4.0,2018,2,1,2018-02-15
974c1993ab8024d3ed16229183c2308d,a90391a47de936d56c66a5366cba1462,5e2ba75ad255ff60b1c76c5bf526ae9b,f84a00e60c73a49e7e851c9bdca3a5bb,84.56,5.0,2017,2,1,2017-02-20
82bce245b1c9148f8d19a55b9ff70644,388025bec8128ff20ec1a316ed4dcf02,a5a0e71a81ae65aa335e71c06261e260,c8417879a15366a17c30af34c798c332,267.8,1.0,2017,4,2,2017-04-20
a910f58086d58b3ae6f37aa712d377b9,afb19a4b667cb708caab312757ec3d3f,75d6b6963340c6063f7f4cfcccfe6a30,cc419e0650a3c5ba77189a1882b7556a,145.66,5.0,2017,9,3,2017-09-15
bd4bd0194d6d29f83b8557d4b89b572a,636e15840ab051faa13d3f781b6e4233,7f457254a89d62960399e075711b3deb,ea8482cd71df3c1969d7b9473ff13abc,37.83,5.0,2018,7,3,2018-07-28
634e8f4c0f6744a626f77f39770ac6aa,05e996469a2bf9559c7122b87e156724,69d980b4120a76616d7b237d731d6156,744dac408745240a2c2528fb1b6028f3,227.2,1.0,2017,8,3,2017-08-09
634e8f4c0f6744a626f77f39770ac6aa,05e996469a2bf9559c7122b87e156724,69d980b4120a76616d7b237d731d6156,744dac408745240a2c2528fb1b6028f3,7.08,1.0,2017,8,3,2017-08-09
6d25592267349b322799e2beb687871e,5bb39c890c91b1d26801aa19a9336eac,c3ba4e8d3cb30049213b682e751e9d00,6560211a19b47992c3666cc44a7e94c0,201.82,4.0,2018,8,3,2018-08-26
b8801cccd8068de30112e4f49903d74a,f26a435864aebedff7f7c84f82ee229f,154e7e31ebfa092203795c972e5804a6,cc419e0650a3c5ba77189a1882b7556a,27.77,3.0,2017,7,3,2017-07-30
2711a938db643b3f0b62ee2c8a2784aa,29cb486c739f9774c8eb542e07b56cd2,ad1128daf194f4b6ac4256e16233497c,1ca7077d890b907f89be8c954a02686a,59.1,5.0,2017,12,4,2017-12-22
3bc77ce8be27211bac313c2daa402d1a,bf141bf67fbe428d558bcf0e018eab60,f497ba62f1d6b4f6a3a3266fa8623ad3,6df688df543f90e9b38f4319e75a9d88,66.98,5.0,2017,4,2,2017-04-06
10c320f977c6a18f91b2d14be13128c6,b673f0597cb0c4d12778f731045f361a,b3be1f83cef05668c25e134852d44545,3b15288545f8928d3e65a8f949a28291,132.26,3.0,2017,5,2,2017-05-09
0a4a2fccb27bd83a892fa503987a595b,6772a0a230a2667d16c3620f000e1348,f7d7b5c58704fb359a74580622800051,4a3ca9315b744ce9f8e9374361493884,63.34,4.0,2017,4,2,2017-04-20
e4de6d53ecff736bc68804b0b6e9f635,9f6618c17568ac301465fe7ad056c674,90b58782fdd04cb829667fcc41fb65f5,7c67e1448b00f6e969d365cea6b010ab,231.12,2.0,2017,10,4,2017-10-16
6b860b35691d486e45dc98e3514ec5f6,fee181bf648906d1c57f84f216976286,c827fb43ad0fb8708f34c2911fdc164b,76d5af76d0271110f9af36c92573f765,574.36,5.0,2017,12,4,2017-12-08
ec341c54a5ebf8ee0a67a8632aa7579b,df9b032b2ad0fd6bf37dfb48e5f83845,22f5b63060a1185e5ec7721efd622321,4c8b8048e33af2bf94f2eb547746a916,29.92,5.0,2017,8,3,2017-08-26
cadbb3657dac2dbbd5b84b12e7b78aad,93ada7a24817edda9f4ab998fa823d16,9d2ff462feaaf88912539b8647e17ab4,00fc707aaaad2d31347cf883cd2dfe10,409.79,4.0,2018,2,1,2018-02-27
9defaf92cff22420e4e8ef7784815a55,64fb950e760ec8b0db79154a1fa9c1bf,cf944645d4ff2a3eed3ae17f641ea861,a6fe7de3d16f6149ffe280349a8535a0,62.69,5.0,2018,5,2,2018-05-11
20e0101b20700188cadb288126949685,48558a50a7ba1aab61891936d2ca7681,64d0feb1bcf9c7fe7b5dad3271c10910,e5a38146df062edaf55c38afa99e42dc,105.56,5.0,2018,1,1,2018-01-22
0e782c3705510e717d28907746cbda82,3a897024068ed42a183de61d5727d866,79da264732f717f10ebf5d102aa6c32a,562fc2f2c2863ab7e79a9e4388a58a14,37.38,4.0,2018,5,2,2018-05-01
d3d6788577c9592da441752e8a1dd5e3,8628fac2267e8c8804525da99c10ed0e,7c1bd920dbdf22470b68bde975dd3ccf,cc419e0650a3c5ba77189a1882b7556a,76.65,5.0,2017,9,3,2017-09-19
86f21bf63784876b9fd6d35f46581d72,332df68ccac2f2f7d9e11299188f8bce,5526b1ae9ab2688cf600783cece249df,0b90b6df587eb83608a64ea8b390cf07,120.84,1.0,2018,4,2,2018-04-11
8447ff843b2616c50c0ced28ab1dae03,e28dd4261bed9c7ba89ecaf411b88f7c,7a10781637204d8d10485c71a6108a2e,4869f7a5dfa277a7dca6462dcf3b52b2,238.69,4.0,2017,12,4,2017-12-20
f169bd689fb8b32ccd62df9050aebc0b,82f0b75bb50fcb30711e5277e36b3983,20a8603c265d777e25da064113d556f5,e70053bf73d1b5863932e53a9fa47496,772.08,5.0,2018,4,2,2018-04-22
77e9941864fc840be8e4b1ba5347c0f7,3135962ee745ef39b85576df7ddbaa99,a01d1cbb398e386a4a8f8364401a7584,d566c37fa119d5e66c4e9052e83ee4ea,103.27,5.0,2018,8,3,2018-08-03
41bb5cee06dbf170878a9ef93ac7e7f5,1833a0540067becaf59368fe4cd4303a,43ee88561093499d9e571d4db5f20b79,23613d49c3ac2bd302259e55c06c050c,23.69,5.0,2018,5,2,2018-05-14
6a0a8bfbbe700284feb0845d95e0867f,68451b39b1314302c08c65a29f1140fc,f8a8f05a35976a91aed5cccc3992c357,4a3ca9315b744ce9f8e9374361493884,101.74,1.0,2017,11,4,2017-11-22
f7959f8385f34c4f645327465a1c9fc4,0bf19317b1830a69e55b40710576aa7a,c1234c80dafde7ef3311b3eabd5069ed,dc4a0fc896dc34b0d5bfec8438291c80,22.03,5.0,2017,3,1,2017-03-30
f7959f8385f34c4f645327465a1c9fc4,0bf19317b1830a69e55b40710576aa7a,c1234c80dafde7ef3311b3eabd5069ed,dc4a0fc896dc34b0d5bfec8438291c80,6.83,5.0,2017,3,1,2017-03-30
23f553848a03aaab35bb3f9f87725125,c622b892a190735ef81c0087973fa16d,cac9e5692471a0700418aa3400b9b2b1,36890be00bbfc1cdb9a4a38a6af05a69,117.77,5.0,2018,6,2,2018-06-05
e3447938231fb6ba2fee0231b51eca59,2c3642e1392097fb4af76a76fec16a46,97f1396a5a1f7c07ba51784efdec44b8,955fee9216a65b617aa5c0531780ce60,172.14,5.0,2018,8,3,2018-08-26
e346cd9299371b18c0b28e8e29a5e376,fb9590a1e30e0ba8304ea73a31325797,f9a7825fa51f487b8a48f67e9efced8c,76d5af76d0271110f9af36c92573f765,42.59,5.0,2017,5,2,2017-05-17
a5474c0071dd5d1074e12d417078bbd0,ef15b3240b2083e0487762ee2978d2b8,1f75be631e988bb0ad750e60e18d043b,fd386aa7bed2af3c7035c65506c9b4a3,21.38,5.0,2018,7,3,2018-07-30
0760a852e4e9d89eb77bf631eaaf1c84,d2a79636084590b7465af8ab374a8cf5,1522589c64efd46731d3522568e5bc83,28405831a29823802aa22c084cfd0649,50.35,3.0,2018,8,3,2018-08-03
bb7c5cf4dff9994daeab7c8ee9d287aa,9a4900710ff76d73cb3a0d152e73adf0,af0a99476d96dcc1a1baa7c0d9ff6b9d,04308b1ee57b6625f47df1d56f00eedf,554.4,4.0,2018,3,1,2018-03-01
66d03fb3c4b0f80b5db04ef9c260336d,c39bde0d4030d5e31e654f0c20db9786,a0b7d5a992ccda646f2d34e418fff5a0,95f83f51203c626648c875dd41874c7f,96.01,4.0,2018,2,1,2018-02-06
a6cd683d4bd3b9b1f0aa37b27f8116d3,48f239e15744ed5e7ffbafc6bb6e882b,721b56b7d205d6750e97716593bcb370,5c243662ce92d84573bfaff24c3e3700,609.9,4.0,2017,1,1,2017-01-28
bfe42c22ecbf90bc9f35cf591270b6a7,803ac05904124294f8767894d6da532b,71225f49be70df4297892f6a5fa62171,e5a3438891c0bfdb9394643f95273d8e,42.4,5.0,2018,1,1,2018-01-27
e1da8361c76cab67aa3588a1fbf1af54,dd854e24b40e3bc2b306946dee252015,e0d64dcfaa3b6db5c54ca298ae101d05,7e93a43ef30c4f03f38b393420bc753a,253.4,2.0,2017,7,3,2017-07-01
af5b0604e113e1526593d505a26ef39d,b896b244963dc7543d400ad82d6710e0,978859c6048ded0fa8bf3b9ea8236387,813348c996469b40f2e028d5429d3495,28.62,1.0,2017,9,3,2017-09-27
9d531c565e28c3e0d756192f84d8731f,d4faa220408c20e53595d2950f361f3b,807b2de93dbb064bbc82dc6ac963bc61,903037660cf848a717166eb7a06d616e,40.09,1.0,2017,11,4,2017-11-28
4da3bd761ca73d692ae0f5c252495546,65ee4aa816cda8ad41e05c75e1cb691e,4d8f78374f31cd4b4932c1f2a42c4674,7a425d299613df3e613bcf9d2eaf5c49,26.44,5.0,2018,2,1,2018-02-01
80d817467dc3d0a4bb5ab8986c962b1f,a4a2abd07b1cdd4902cf245cdfa1451d,425db55cb3b0f5b18a2d9964da31c3c0,2a84855fd20af891be03bc5924d2b453,132.88,5.0,2018,8,3,2018-08-22
c75acba615d2db29345327974641467d,2b47ff70d422cc3ada976dea40f48782,4005df5f887f3c2529f363671fc8f4a5,e9779976487b77c6d4ac45f75ec7afe9,111.89,5.0,2018,7,3,2018-07-06
210e60465099814a1d2c7635e4065153,fc849c5fbc7e2b0c7cfebc138886c693,b69eb25e3a4def8e9cddee18712e0c5e,8ed8ea9a57c862f2c18c2fe41f601d56,231.79,4.0,2018,5,2,2018-05-09
8fc207e94fa91a7649c5a5dab690272a,c69f8b33e62ecb30ff78ae46d7fb9241,f2e53dd1670f3c376518263b3f71424d,4a3ca9315b744ce9f8e9374361493884,135.51,3.0,2017,11,4,2017-11-26
4b3a605942f29d490cb74bd6ace6b9f0,e8a332c3433fbd37920ec89fc295d075,ffd4bf4306745865e5692f69bd237893,d98eec89afa3380e14463da2aabaea72,38.1,5.0,2017,9,3,2017-09-29
1c35ac660d7ef6691b25d20df3d6eccb,68c85132eb3b96fbe6cbddc09a568d24,42a2c92a0979a949ca4ea89ec5c7b934,813348c996469b40f2e028d5429d3495,74.03,5.0,2017,6,2,2017-06-27
01a75ac3dd000b7628a684be97c29234,57ee2ef64f17a5f9a4bf30489b06326c,b5c114b11d53b6fd85a6a90790f0b479,0adac9fbd9a2b63cccaac4f8756c1ca8,58.0,1.0,2018,1,1,2018-01-23
0c6b011f8a4f87010c23995f5807d152,a78b75a2ad06180de06b82857ca442b3,1600dcf1cea8c0c83702e07b577ab231,6560211a19b47992c3666cc44a7e94c0,66.02,5.0,2018,8,3,2018-08-20
ee0c5c649e17808bc4a363d3a80ebf85,cc3590e4afbb4b3e056b50a80a6a7d0c,c63857f1b80521fbf01eb987423d0ccd,bc47d5d1490df2b36add65d733eafaba,53.2,4.0,2018,1,1,2018-01-30
f2fa3795760c35b8c05fa8e2f09d5143,fac60d7c4df3896a5af5db6c91e03797,120fa011365fc39efe382cba4e50999e,da8622b14eb17ae2831f4ac5b9dab84a,518.39,3.0,2018,3,1,2018-03-31
f2fa3795760c35b8c05fa8e2f09d5143,fac60d7c4df3896a5af5db6c91e03797,68a058d125ba1544e726898f0b8c0523,7c67e1448b00f6e969d365cea6b010ab,518.39,3.0,2018,3,1,2018-03-31
f2fa3795760c35b8c05fa8e2f09d5143,fac60d7c4df3896a5af5db6c91e03797,eab67bf937aaadc19f83383a331d2dd9,7c67e1448b00f6e969d365cea6b010ab,518.39,3.0,2018,3,1,2018-03-31
3923e3ade70348985bd2ca389905cf19,6454e6cba392b35aa21527063026fc92,7bdb28a55646012fb3348058d629d9bc,d23019c84ffae2d5ef2270367b8605fc,78.15,4.0,2018,3,1,2018-03-07
e37797aedc7cd4ef82278fbc169eecaf,4c9c7c2b6de6ee2568681b5599bb7495,013ee64977aaa6b2b25475095162e0e9,640e21a7d01df7614a3b4923e990d40c,84.57,5.0,2018,5,2,2018-05-08
35660aec0cc42b6257e24281ee0e6255,b53cc3c992caaa45ec73cfdde4d839b5,aba86c093ccdbac75b09111d57e50004,7c67e1448b00f6e969d365cea6b010ab,155.0,1.0,2017,3,1,2017-03-30
b01875821b8dcb6abc61776f0f971bce,818596f5b68adfe2c11498ebb6d39e02,a6ad77b15e566298a4e8ee2011ab1255,1025f0e2d44d7041d6cf58b6550e0bfa,142.16,4.0,2017,11,4,2017-11-24
5164933efe0cd14f31424b9badf81f19,d0e71d7a6dbca8ac513ac63d08a81fa0,821a07e1e2a0382df1f3761ae3cd435c,da8622b14eb17ae2831f4ac5b9dab84a,141.9,1.0,2018,4,2,2018-04-25
06a6627d9cc91a04e9d146bf65fee0a2,61449fa1b8b8998c9c3f3a7f0ae954ef,996ae0a67e63b78b427a1f8d07543e86,dc4a0fc896dc34b0d5bfec8438291c80,113.62,4.0,2017,7,3,2017-07-16
15bed8e2fec7fdbadb186b57c46c92f2,f3f0e613e0bdb9c7cee75504f0f90679,61d52f4882421048afd530db53d6f230,fa74b2f3287d296e9fbd2cc80f2d1cf1,138.28,5.0,2017,9,3,2017-09-03
5447160f15621601fa9ba2b94f4906b3,9c338ea8093192e203bc16add78c123c,461f43be3bdf8844e65b62d9ac2c7a5a,b33e7c55446eabf8fe1a42d037ac7d6d,161.77,5.0,2017,11,4,2017-11-21
01855f880aae9a984c7c33b26fcf2e02,2e068340b3037f667ce3224bd59260af,12bc892d6fff0dc42c8177f3665ef00e,e9779976487b77c6d4ac45f75ec7afe9,95.52,5.0,2017,10,4,2017-10-19
65312c6e4ce03c0fb633a4ac541949d8,228da462edabbbc68e6d265087499705,1ebd1450a2b8d51ffda696956426024a,822166ed1e47908f7cfb49946d03c726,68.59,5.0,2018,7,3,2018-07-22
741fd1b80f015f170a7f458cf86769b8,df5c9e02596851fcbfc98804e4108bbd,2b4609f8948be18874494203496bc318,cc419e0650a3c5ba77189a1882b7556a,106.38,1.0,2017,12,4,2017-12-02
b16cec67cb3f5a4bb31abe8988b43d19,62ffae18a7ca4b2e681c6296180ae346,17efcba3c09566b89c945ef563f381d2,3f9c56764fabca627406093dcb3ef0b4,141.67,5.0,2018,3,1,2018-03-26
e6190dea235662449d160357e46eaec8,b80feb27fb4955a21bca55fdb039af17,c415aad99ee06e0fe8a58c09d3598ef7,4de6e4ba574aa9dfdc824bc44dc47fdd,89.88,5.0,2018,1,1,2018-01-09
8eeda294fab8a5ed70259afb59a10ff8,6feea03756fd7ef4fb37d8f7e44aaeb9,dbb67791e405873b259e4656bf971246,00fc707aaaad2d31347cf883cd2dfe10,187.2,5.0,2018,2,1,2018-02-06
89165e6d4c28047da0adf13ac8b3e1b3,4924a47e8cd5630b3564e26fac55c5ec,5f42d57952b7815098979a5c4fa6f82a,c70c1b0d8ca86052f45a432a38b73958,118.35,5.0,2018,7,3,2018-07-18
f376081d7c5f1767fbc7fae2d19ca32e,d68901955dc622165460ba6cb4ac49f3,c7079d23bead81759eb7c670b96728bc,385799a1cddbd26dfeb9157356a42282,309.72,5.0,2017,3,1,2017-03-28
f376081d7c5f1767fbc7fae2d19ca32e,d68901955dc622165460ba6cb4ac49f3,04a4e9d8c0dc6b2b4b8e24ea78a8f318,385799a1cddbd26dfeb9157356a42282,309.72,5.0,2017,3,1,2017-03-28
4b87488fb6269f8321508923b95da4d6,e42998ccffc48dc87bf70b37e2d61f33,ed739dfa91e2c770354726fe0bf9cc72,57df9869a600bd6b7c405f2a862eccfb,38.47,5.0,2018,6,2,2018-06-08
e9ce52cd563d0124dced659e69eab10a,9a80c8377644236e27f59e83862f1ae2,0efb0a47500c44e05a5930cae12307d4,5dceca129747e92ff8ef7a997dc4f8ca,312.91,5.0,2017,7,3,2017-07-10
9344ccd01ff5fa7ec2aef0ee7e1c49c3,4fd75fb5ef1f01c7585bf746092a1544,058b372f969b59e8c4a27e224243909c,3d871de0142ce09b7081e2b9d1733cb1,51.79,5.0,2018,5,2,2018-05-16
f4471dae8c482f51aa1826cd9f5d4433,167b9485947ed0a354a3f8dad04eb199,51c59cf09066762ba5740772b0a86215,33ac3e28642ab8bda860a2f693000e78,232.14,1.0,2018,7,3,2018-07-05
f4471dae8c482f51aa1826cd9f5d4433,167b9485947ed0a354a3f8dad04eb199,f889fb87b505b73de10c18b93352469f,c70c1b0d8ca86052f45a432a38b73958,232.14,1.0,2018,7,3,2018-07-05
aeb4c9d05ab11d7c6c9ca24f8c43bd70,fa5c31ea5a141cb29a683b6420f2693a,ac480ada5f06d9024eae2c6dd9de4c74,4e06067cc08b3f41d837768d392c3ee3,22.79,2.0,2017,9,3,2017-09-20
33a3edb84b9df4cb49546859b990ac6d,35ec6c1ca9e5844c5ca94214cce16dca,389d119b48cf3043d311335e499d9c6b,1f50f920176fa81dab994f9023523100,67.5,1.0,2018,2,1,2018-02-21
9885fff91f7c807525f8320e5292a3db,83257fb6f3a1edd3a75464178aa3f382,6906f6d2bb318a3cbb5351653e93ceb4,6ec1a01e866584bb679eb9b098345919,156.67,5.0,2018,1,1,2018-01-10
e7a65190baa4e6fd192246157c0b81fb,7d986867cfcd083f25ad4f692bd2df06,b77dd6385638733dd46bf68b093715b7,ef506c96320abeedfb894c34db06f478,53.83,5.0,2017,4,2,2017-04-26
62a12e4d2a742b2491d7c00d2d79bf52,b60550c21000f91484c7d2aa2b8c522e,2f774e1d1ee6937ae8294771c662066d,b6e1504972665f739dec4facb9943775,299.72,5.0,2017,11,4,2017-11-27
90349f264a3d6a2525a34598d09dda6b,d19f254a07da73a055409256e9bfe40a,216bb0e0cd43ffd832e0973d35e0377e,955fee9216a65b617aa5c0531780ce60,314.34,5.0,2018,5,2,2018-05-11
95cf9f239f724799131f7ca949209bd9,7251aa758779438faea714941f1051c4,7a295e6687ed3e00c8143498115f6ca5,2e1c9f22be269ef4643f826c9e650a52,97.88,5.0,2018,5,2,2018-05-25
04a59fe46fc5aa341da5378c195ed53c,2d8748fb35d51c2fd273ee67fff78b7a,2a15783d3cb601f8d9a6a86806b037b3,855668e0971d4dfd7bef1b6a4133b41b,75.18,5.0,2017,11,4,2017-11-26
86b37610c0e86e94afe3d5ba4b73fa14,86ff82570097f39b2193254f540e4a69,77ccbcf251886c8b83676fc918e7336c,f789d2c4f2c2eb38fc4373e7a4b35264,161.3,5.0,2017,11,4,2017-11-17
86b37610c0e86e94afe3d5ba4b73fa14,86ff82570097f39b2193254f540e4a69,1e56c680b07833e85fec6904b2c7e4b8,f789d2c4f2c2eb38fc4373e7a4b35264,161.3,5.0,2017,11,4,2017-11-17
5c2d1d55c31db1cbe069dc9b6454b897,15bea20cd005ed59d34db54c6b32ec98,cdd914e78124a73cc28a165cfc4a0bbc,ba143b05f0110f0dc71ad71b4466ce92,117.45,5.0,2018,7,3,2018-07-23
1d067305b599c1e0dceb3864056ea527,0489975a325480c9e385e9f135bb13c3,2a2d22ae30e026f1893083c8405ca522,1a3df491d1c4f1589fc2b934ada68bf2,170.43,5.0,2018,2,1,2018-02-14
abc5ec9ecaec740b498a37f19c29a8c0,85aa7dc7ea24c96b5ac7864f13922495,303719bf7adc0897358c3dcc3c7a6190,bacb1f0ed56ad24198f5810d2b3fe9a5,141.06,3.0,2017,4,2,2017-04-30
6942b8da583c2f9957e990d028607019,52006a9383bf149a4fb24226b173106f,ee0c1cf2fbeae95205b4aa506f1469f0,cc419e0650a3c5ba77189a1882b7556a,69.12,0.0,2018,1,1,2018-01-10
c3cb4c7c4b963ab08b07a5dca5baf05d,38ccd077e65d89b8a720be73bfaa9c6f,9a5a361f3cd6c280f6bf4ffb6207c51e,aba1721a889e04decc910aa13b768ef4,134.58,5.0,2017,5,2,2017-05-15
af66c46c49bdb3bf2f862efb1eb67d81,9e3a06f863456c3934b9d26037c119cd,f1d116eef76f1c526a5f2c5ce1daeaeb,cd68562d3f44870c08922d380acae552,59.85,5.0,2017,7,3,2017-07-22
14e6e050a57912543937e93051cc7b2c,d006bd8339ac9891923132af6408f557,3940247162a820eff119efe47b02182f,82cb9f452fe8334df74b22d37824b431,68.63,4.0,2018,6,2,2018-06-24
cefa8ee1540139ac77fa0c1b4ff1f04b,3b9388d1014c8090f77595c5e9f2ce94,092be1e8336fc404c57bd5970d056886,cbd996ad3c1b7dc71fd0e5f5df9087e2,86.05,5.0,2018,7,3,2018-07-02
265f4e28ef8cf69f8445e2951bbe7343,c572fd6cdd98e87ea2bc433b6da21078,7e0dc102074f8285580c9777f79c90cf,e26901d5ab434ce92fd9b5c256820a4e,64.74,4.0,2017,3,1,2017-03-06
34276839abbc2d596eb36540d36c624c,6968ea6ff6368619de4d031a15d5c9a6,83b00325c13c44245b2c3a2befa62a0e,ad781527c93d00d89a11eecd9dcad7c1,217.78,5.0,2017,10,4,2017-10-04
556bbf53c2c22fbb9ef31a414dd444a6,5883f965ac70043c2e908c3657c5d548,9e2d3a8d8ffad53e2e35282a2020221c,1da366cade6d8276e7d8beea7af5d4bf,67.5,4.0,2017,12,4,2017-12-21
36530871a5e80138db53bcfd8a104d90,4dafe3c841d2d6cc8a8b6d25b35704b9,ba4bfbf74dbe7ab37e263b9326da0523,f8db351d8c4c4c22c6835c19a46f01b0,63.79,1.0,2017,5,2,2017-05-09
b2bd1f09c1b8a4a36940f6f6e49d5dec,8ed14e450a6268ec13f325e7c2eafeed,eef7436637ac87cad6bf5108284c3413,b33e7c55446eabf8fe1a42d037ac7d6d,29.13,5.0,2018,2,1,2018-02-02
b2bd1f09c1b8a4a36940f6f6e49d5dec,8ed14e450a6268ec13f325e7c2eafeed,eef7436637ac87cad6bf5108284c3413,b33e7c55446eabf8fe1a42d037ac7d6d,23.09,5.0,2018,2,1,2018-02-02
b2bd1f09c1b8a4a36940f6f6e49d5dec,8ed14e450a6268ec13f325e7c2eafeed,eef7436637ac87cad6bf5108284c3413,b33e7c55446eabf8fe1a42d037ac7d6d,162.92,5.0,2018,2,1,2018-02-02
e69e2290db6b2d3b7593a40112e1a82a,3a017955f82b5bf61bb51aec865a01ca,6d68112743e7ed2de3932554b033f544,0d33a55da925bbf1ff02af5f6059fc7f,126.67,5.0,2018,6,2,2018-06-01
e69e2290db6b2d3b7593a40112e1a82a,3a017955f82b5bf61bb51aec865a01ca,fde90f06296b26995fd0de6f16610d70,8bb48dc19fccaa8613b6229bf7f452a2,126.67,5.0,2018,6,2,2018-06-01
c8627adf430caff83161acbeb344d8f5,078d86e7bf40b188f0e5ed6d866c21c4,8c66104d520634a3b6e20c1f326767de,c864036feaab8c1659f65ea4faebe1da,285.59,5.0,2018,8,3,2018-08-09
1370fae9b19ee5e01a2d609eb18b7c8a,22eb8142d6313bab19fa6c657170ae6b,a50acd33ba7a8da8e9db65094fa990a4,8581055ce74af1daba164fdbd55a40de,145.5,4.0,2017,11,4,2017-11-15
a7cd6af6e0519313887b3c3a120f20ca,a559b10d4f093640a0ed4693ce16ed02,4b703444923b5e57bb73ba343f5ebab7,42b729f859728f5079499127a9c2ef37,43.29,5.0,2018,4,2,2018-04-26
663830a477534735bbdec9de01113fa2,c1ddb7521d14db9071dccad0a94305c2,6a8631b72a2f8729b91514db87e771c0,128639473a139ac0f3e5f5ade55873a5,38.41,5.0,2018,7,3,2018-07-15
b2f3763408103bc7173bb36ed02dbeea,d0e6cb83a3fc27f56be011b2941f54c6,1b88c133317c3f2b8c53b6048f2dc8b6,54965bbe3e4f07ae045b90b0b8541f52,402.49,5.0,2018,5,2,2018-05-30
0dad6beca7ed0e352668498c29089900,2528510465c7572dedee4431a7d52e08,cfc4861ae14c9e9e7679355f863c18d4,e5e33c0d8e7e002f398f5dc4cbbb338f,110.89,5.0,2017,12,4,2017-12-02
93ec3e2c9a4beee38c28973d307093e1,330ca6b207006779da875ef48faef608,7ae5c4294636a8ccd3d8574daa6d7d21,17a053fcb14bd219540cbde0df490be0,204.45,1.0,2018,3,1,2018-03-29
5561adcb0fd46da4cad3048fa4e7fc00,819b0aa9b717f6d78c0f72211bafebe3,4d071a22b9cc548b64a75075a4c63151,131fcb0a0c9a47bba4474aacff0f14b7,109.35,5.0,2018,6,2,2018-06-25
6245ae0abd9de1ae647b5da78c0ea69b,d68585c54450af4bfc04cc6cccbcd607,8d1cfc0463b545928bfb4e589e017bd4,aae3bfea055532c57fb453ed3ec80b30,74.74,3.0,2017,9,3,2017-09-11
ce9feeba53c652dd6569cca62e2bb287,f7398fc942c8fa80e5419ae52e49f7fb,28b5fef7b6d63771e9784bc68c783793,d91fb3b7d041e83b64a00a3edfb37e4f,56.86,2.0,2018,4,2,2018-04-15
565923f847aad52e7638eb189cce3b51,a2cb2bc236e62cf807925d6cecc245c6,7fb04722aba7a2b632bac8f9819796f3,f3b80352b986ab4d1057a4b724be19d0,97.81,5.0,2018,1,1,2018-01-13
36ebb4199031e72a1fa964549b88c377,eecf2b94cdbe9ef6245fabb5e091c987,e7db7c40ea6647c808d48581f1308d88,1d8dbc4f32378d715c717c1c1fc57bae,133.25,5.0,2018,4,2,2018-04-04
232b75e8b6faa6ca2063184414e634a7,0a11cb0fb65032da800b780afcc1a1b7,952670bc019a73f0933157ec82ff6e4f,37be5a7c751166fbc5f8ccba4119e043,180.95,5.0,2017,9,3,2017-09-26
ee990334acb0ff9333b01afa465f3006,a8331c35b57d8fe09e8df1c06509de29,672e757f331900b9deea127a2a7b79fd,e59aa562b9f8076dd550fcddf0e73491,445.32,4.0,2018,2,1,2018-02-28
780fe22baa36991bdbb1559f5b549596,e1862648f338ecaf4242e8e2b59126ca,4bb4fb9c85785b75ab4f6559900c7ca1,ef506c96320abeedfb894c34db06f478,52.51,5.0,2017,4,2,2017-04-22
58ac1947c1a9067b9f416cba6d844a3f,ee8e1d37f563ecc11cc4dcb4dfd794c2,9820e04e332fc450d6fd975befc1bc28,520b493b57809f446cb0a233bb3e25c7,124.16,5.0,2017,9,3,2017-09-13
ba4ddff2b9082f079de9a84d7a5605fd,fbfba770bf13f470f63d1854a765a2d3,58a84286399d234f7234d54d9daf6418,a416b6a846a11724393025641d4edd5e,65.47,5.0,2018,1,1,2018-01-18
75351e48296ef42211a0b80c427aae57,cf9e2b07f78cce347089900f49fb4746,28f2e74ecd7f12eab02ca9b3c2bd9c5f,ca3bd7cd9f149df75950150d010fe4a2,98.16,4.0,2017,3,1,2017-03-14
64a2b20e6611bf80d933549f4c45ad84,de62761e79f4ae4169cab45ed5f36026,044f05bc9de36e8a693a83e4bc79dd0d,ea8482cd71df3c1969d7b9473ff13abc,40.78,5.0,2017,12,4,2017-12-20
775130c792f4c6460c63162e994a1114,d4cd9729eeca5306a2c039fe6e55601e,99b4596b82b6f75d453160c9c75e01f4,6bbcb8924baf70b7fe2fe2097e8cd407,273.27,5.0,2017,12,4,2017-12-04
b0928556a10706af462ca2ab2c91903b,0b9e85491c194a97516c87f30a93abfa,59a5c66f3c04b01ccdb9362174f6ecdf,a56a8043ebf66e42119618fb8cf232c6,106.73,5.0,2018,8,3,2018-08-03
5487a8ac1699754d975f853ce8bb9321,a51b373c427132a77b112ca10f502c4f,73e0db4719016f90a37238ca8e5a1cab,11305281b50fff20ae8bb473f8e11876,187.19,3.0,2018,3,1,2018-03-29
00571ded73b3c061925584feab0db425,3c628393675b42c6b5ef89461f68ecef,8695c431b31927efef5343e675f279e7,fe2032dab1a61af8794248c8196565c9,389.82,5.0,2017,5,2,2017-05-18
74ebfa44a323c96a7760bd693d690a3d,13fd7ce9f08449dec2533119379a2527,7d1fc7d682f6a5c8e47437e3540f4415,376a891762bbdecbc02b4b6adec3fdda,393.46,5.0,2017,6,2,2017-06-16
37104fd8b73d0691fda9491fe8906808,328d7a69cb9cbaf088eed3ed778804bb,1dceebcc5f23c02ea23e16d5bedca000,4e922959ae960d389249c378d1c939f5,122.22,4.0,2017,7,3,2017-07-05
b6b3633f97c686d8e188ac6fa29ff20d,8d3d362741da05c706eb55001bdfa1b9,de89f330c497e12d2510c2cd2a48a29f,240b9776d844d37535668549a396af32,698.85,2.0,2018,7,3,2018-07-27
37e32b54f25d2472acbc642f7e539a36,0f5b40f9925b49675464fb74869c6547,617186c3d97ea56c9c683a8a3974e8c1,cc419e0650a3c5ba77189a1882b7556a,99.33,5.0,2017,7,3,2017-07-08
43d88b0e949865904334dd5b3ca63f50,aa601b3c45980c0918042d5ca7a25054,2028bf1b01cafb2d2b1901fca4083222,cc419e0650a3c5ba77189a1882b7556a,58.28,4.0,2018,3,1,2018-03-15
5e99f3c445038a0709b2aea8e34ed593,243ee97e01766bf68c3e30f0fe572490,42a2c92a0979a949ca4ea89ec5c7b934,813348c996469b40f2e028d5429d3495,77.03,4.0,2017,6,2,2017-06-25
f61b61c2cbb4192ccaf9c2c76a4cc971,525125633cfc0f64d4a991240953f2b5,74e47bd907dc11882c23f4c4ce14031f,87142160b41353c4e5fca2360caf6f92,49.73,3.0,2018,2,1,2018-02-28
6d7de866a140b19d09e825b2a4e944c7,9e5ce657315b2bdb94033a494041ac25,aca2eb7d00ea1a7b8ebd4e68314663af,955fee9216a65b617aa5c0531780ce60,139.8,2.0,2018,4,2,2018-04-16
3f849648ffbabb0562c7668f212e3e88,a338f42b6e47cb49d5c5128a348b76ba,7bbf8eb1681f6f8ec4b6f0c1c6934718,a673821011d0cec28146ea42f5ab767f,86.36,4.0,2018,5,2,2018-05-15
7c18eddfcd24680d80a502346221614e,b7ee9b824b4a83b389379ac70585bf3b,0ec96e6d31a1493b0475805c9ae1a0a2,09f952a5f58d2285b0372551ae8f9b01,423.67,3.0,2018,7,3,2018-07-13
7c18eddfcd24680d80a502346221614e,b7ee9b824b4a83b389379ac70585bf3b,e9a69340883a438c3f91739d14d3a56d,1b4c3a6f53068f0b6944d2d005c9fc89,423.67,3.0,2018,7,3,2018-07-13
6fa204b6cf6dcfe6c9adca7dc53aa32a,56dfafb543cfa4c2edcc08b9b2c5f0c6,28a652ff04e43c1bc57937a9f8770f9b,3d871de0142ce09b7081e2b9d1733cb1,108.01,5.0,2017,8,3,2017-08-01
58d4c4747ee059eeeb865b349b41f53a,1755fad7863475346bc6c3773fe055d3,1613b819ab5dae53aead2dbb4ebdb378,16090f2ca825584b5a147ab24aa30c86,35.36,5.0,2018,7,3,2018-07-21
a840a7a89e3d9137358eb7b9408681fe,5e320e6a4f03e2e74bc22e1158237fbe,ff922797a6771cab4e0c51d482285ec3,062ce95fa2ad4dfaedfc79260130565f,305.7,5.0,2017,3,1,2017-03-09
40001f4b6e1a35f0b99fc4f44078ab27,1690401c1e48c9526a79e72ba8c069a2,afeeea6271148ee1bb15173b8187c431,53243585a1d6dc2643021fd1853d8905,216.26,3.0,2017,12,4,2017-12-09
287c56aa824d8d1ea40246ad12013f62,5232c22d7ed2b631db6b2cab74b2c5f2,4ff38de0673d41a0da1499e300720ef6,5b07547f10dd980738a1a27f685af669,83.05,5.0,2018,8,3,2018-08-01
694630e7a7713c116a9b7f0ba3377382,5a771152dd93d31af819d708942afec6,78efe838c04bbc568be034082200ac20,0241d4d5d36f10f80c644447315af0bd,121.68,5.0,2018,4,2,2018-04-09
f26f92a3da58e9c771820a7b4d9a6800,597950088114c1a9e2b27459051f40ff,1ec486885049bbb9b79351d150ed18c4,cab85505710c7cb9b720bceb52b01cee,57.68,5.0,2018,2,1,2018-02-10
d1f54c6a2a7015c5687439d6d4e971ba,be0db8a12224c280772baf2ccb468e5e,689b01074243aeee72049c8da42d2e22,3d871de0142ce09b7081e2b9d1733cb1,92.97,4.0,2017,4,2,2017-04-27
37d6c8f1b209eab8d1b6522a1a3e4d88,fe4b93d8b5d38fc72f20a95f93511cae,111d0b1e69f349615615113cf6b275fa,6d66611d7c44cc30ce351abc49a68421,35.24,5.0,2017,12,4,2017-12-06
f9f76d0f8ab416a42a2a3dad0d710162,e4a32f8f3648818820a821cd577ccdba,330286b1345b8cc5abfbb74da93465a6,71039d19d4303bf9054d69e9a9236699,286.54,3.0,2017,11,4,2017-11-30
a03ad7057fae696dd18f8967826c209f,7df71d1652cfba8b2a70cf665c960f74,941fede5c398c3c84cac6e6c832c2b11,c68fb906c8f4b4b946d8386bfa6e5467,44.41,5.0,2017,6,2,2017-06-05
a03ad7057fae696dd18f8967826c209f,7df71d1652cfba8b2a70cf665c960f74,941fede5c398c3c84cac6e6c832c2b11,c68fb906c8f4b4b946d8386bfa6e5467,33.68,5.0,2017,6,2,2017-06-05
c93e4c73cba512f76817291e0de8bec4,9f5a2f912f123d541a318029712fe90b,f1f01d27cb8664e16d57ef4a8075f3be,46dc3b2cc0980fb8ec44634e21d2718e,301.19,5.0,2017,9,3,2017-09-12
412fccb2b44a99b36714bca3fef8ad7b,c6865c523687cb3f235aa599afef1710,d04bbac48960ecb7ea311b00ca6e1cb7,7681ef142fd2c19048da7430856b5588,140.88,5.0,2018,7,3,2018-07-22
67b47f35ec923e39f1203f3cfa80f5e3,0dd5a932b1e29daa12845dbf696cbb54,07bcd890d449e493b4ec23d05a9e40ee,bd15ee794d5e640d9dd71b665b2ab15b,41.69,4.0,2018,6,2,2018-06-03
b616f638cd86d92c7cbd06cf7484ee34,8458f7ae02bda5950ce48c01a720559a,d2f5484cbffe4ca766301b21ab9246dd,36a968b544695394e4e9d7572688598f,20.75,4.0,2018,5,2,2018-05-23
258f2e5dd769d9314b349f5650005dcc,148ecba880f508ca2d5b6744b6a7b6c5,5994a2fdff4b0f9ca4376c4226adb442,33a17d60c64393351ebf1ef860f4e0f2,165.4,5.0,2018,2,1,2018-02-03
f90202d14e468090464aeb4b1f0372ab,d4c5a2a1316f738e72e179d6bb3b6d8f,0a57f7d2c983bcf8188589a5fea4a8da,4869f7a5dfa277a7dca6462dcf3b52b2,102.56,5.0,2018,5,2,2018-05-17
615ae1b88a25a4ac47fbf55c9c847b6e,25daddfce277eafad87c4d28d71d8229,fa304c5424fd292aed9c35eb36d9f495,609e1a9a6c2539919b8205cf7c4e6ff0,84.64,1.0,2018,8,3,2018-08-10
52f166ce5fa053bbb27d317e4fd231b7,1b848bc58de81ae1b800cf3a4571bedf,63085bb4366ded27bcb63cbb59b4103a,5dceca129747e92ff8ef7a997dc4f8ca,446.51,5.0,2018,4,2,2018-04-18
22d17396ac4c177e0ea83929cd4f845d,a8b396cd7edcd4340e02a07685084cd6,83b00325c13c44245b2c3a2befa62a0e,ad781527c93d00d89a11eecd9dcad7c1,217.78,5.0,2017,9,3,2017-09-27
9ceb8ab5165cefecdddb546cb5a6362b,eb1c0e1ca3e17eccaefb7f0d4dc659b1,d9235fea02ba3f9fafcd78d898ac4355,dee656f0f566ed1aa85bd137c943f08f,138.09,4.0,2018,2,1,2018-02-05
95a74a28d622001aafb5dd088ea0d88c,b3519c0352b07bc3017acebea4ce6724,5a76b277c6c31033b89362512fb80274,d1c281d3ae149232351cd8c8cc885f0d,50.68,5.0,2017,11,4,2017-11-16
d493148aa5f8d08914d29ec0524e1196,d7b9004ff34610bb3451b130ee2bf38e,be7f0912ba01126704c81b3f705aaaf2,26d8a1c7c75d513045798992ead43aa2,170.1,5.0,2018,1,1,2018-01-31
a0d5b8474423ddf55228373b81a46272,3f7d26944f7f68bd2ac23b5e8b500ab0,aca2eb7d00ea1a7b8ebd4e68314663af,955fee9216a65b617aa5c0531780ce60,89.88,5.0,2018,1,1,2018-01-11
cbec453ddd874ca620b8afc6393e3218,0fc25a3451d81cfe409466e229afdbb0,283dc451ad3918badb976d56ff887289,da8622b14eb17ae2831f4ac5b9dab84a,103.55,4.0,2017,6,2,2017-06-04
61988b318aaf57d18336c629bc42cf1b,02731f7e9105dec7fc7fa715ccd821b3,1f30aacc69904c0d0bf8d05cb2abef72,4a3ca9315b744ce9f8e9374361493884,160.14,5.0,2018,3,1,2018-03-29
b88d7ae9bd78eac18e8b6ceb04695fb8,6dbe3c4683c66130a8e242bf4bb218d9,a35a9f46dcee0a67c8c7ad8493eb4135,85d9eb9ddc5d00ca9336a2219c97bb13,46.0,5.0,2017,7,3,2017-07-17
908e767e28908dc5ec61fe0ef8ef03f9,64d181ef52b1829800c598942459061b,7fbf3cba00dcf6da3f7c0fe6a162b4c1,2a5b78b41cd05baeac8df54c6606b92c,63.46,3.0,2018,5,2,2018-05-09
c82a457d646f77c8f151e12a3e517ed2,c178d6d544925594fafab0ba493cd645,81a3f1e46ec16acb4800a5002b014438,d9bd94811c3338dceb4181f3dbc0c73e,145.0,5.0,2018,8,3,2018-08-08
edc531c3153d23614049077e7e1e6405,68b315ac209c92f15ec1f364f5d45e67,cc5447118c174dcc6456c84ccb29e6f7,ef0ace09169ac090589d85746e3e036f,136.4,5.0,2018,4,2,2018-04-17
e22b71f6e4a481445ec4527cb4c405f7,1faf89c8f142db3fca6cf314c51a37b6,3bc5164bc7f4be77002d6651da65c98c,6cd68b3ed6d59aaa9fece558ad360c0a,34.24,4.0,2017,4,2,2017-04-22
6efcd938092fe73904610b4bd39b2e7f,8ebe25aca53cef9a055de5c20eca76e7,d2fc2696871ca6b94af5deb0a8d5590d,527801b552d0077ffd170872eb49683b,146.44,5.0,2017,12,4,2017-12-11
1e8c81805b92ff169971231458670460,33b0d5c2438d9cd6426c6568dfbb908d,04d70d184a7c12c93cecd9c0d8b5ad69,c70c1b0d8ca86052f45a432a38b73958,257.94,1.0,2018,5,2,2018-05-04
4d630f57194f5aba1a3d12ce23e71cd9,6d491c9fe2f04f6e2af6ec033cd8907c,62bf07cdb14270c48cf42ca0312986aa,04e38a233f726ef161074ab1c9b0399a,240.23,3.0,2017,11,4,2017-11-17
1da00355018ed3e0fdd548cf3ddada99,2c5c2fb51bbbcdcc297f3b37449627bb,59c1840441f4df065f52760bf51a8442,cab85505710c7cb9b720bceb52b01cee,80.1,5.0,2017,12,4,2017-12-17
21c71f62d2554e1ad6c8ba9dc7af2c62,aa3d8c9eec8e52e90b117efe5e97a560,43423cdffde7fda63d0414ed38c11a73,b1fc4f64df5a0e8b6913ab38803c57a9,74.16,5.0,2017,12,4,2017-12-21
93a21c10557cc1b1ecfe2c3a808c648a,45c9fcdb0cd88a5630cb4405c4d2e4a7,69594b9c8acebfbd1bbc19f782680d4c,7299e27ed73d2ad986de7f7c77d919fa,338.0,5.0,2018,2,1,2018-02-27
38c4ae942b818085578157aabd4abf9e,c0cc17e4ee16598f33ce7ccc36e3b4d0,d1c427060a0f73f6b889a5c7c61f2ac4,a1043bafd471dff536d0c462352beb48,183.65,4.0,2018,3,1,2018-03-18
f175d67589e059cbbda956f10f0702e6,a4555d257db29ef5f838cec4101c5208,d8c365a069853295a82caf595c2c8c8d,48efc9d94a9834137efd9ea76b065a38,18.62,5.0,2017,1,1,2017-01-05
c263211bd219538f7c031591e87ef0d7,ed8c52327eecff596e141636d5b556d2,028b0b0277744a9eaa2c4f57c24dcb68,1025f0e2d44d7041d6cf58b6550e0bfa,753.94,5.0,2017,11,4,2017-11-24
7835af1856de332f2f3c9204b740a3a2,d1b370c90ad7dacb840010a6e89c7e89,a1250bbcaa645885c9165eab1573b5c6,6560211a19b47992c3666cc44a7e94c0,64.09,3.0,2017,12,4,2017-12-24
507240e305d631056d7ced5d5ab0eb9a,5cff2efe34e8e604619520cc86201235,fe83af233315b04d9093c7edbcf789dd,1127b7f2594683f2510f1c2c834a486b,59.47,4.0,2018,3,1,2018-03-29
17c2ee64306efa76f1389315a974eeba,79c102ed4db4e20845856cd68660f8f6,704ef63ad0ac345842ea734060a83db2,da8622b14eb17ae2831f4ac5b9dab84a,91.18,4.0,2017,11,4,2017-11-29
5ec8f4e8fe5ee3fd5460b244d0804f9e,3fd2baf81d32adb95c43e1d490a8979e,67217c43d81dea5a93bea48c23f4e156,18a349e75d307f4b4cc646a691ed4216,83.33,5.0,2018,4,2,2018-04-03
7156f3e0b94405abcbad1a8c94557338,5134baea6a4f11251fc92a2f358dfb4c,6b61c9889ff5ea54a786b54fff36251f,8fdca8e349553f99bc738833a62c8802,28.46,4.0,2017,4,2,2017-04-20
def622b4b003c4749c889dd9a0b43eca,e28087daa16ea2d4ef377fd789af20b4,4615c086d05b264e9ff7004fcb515e37,0bae85eb84b9fb3bd773911e89288d54,53.3,5.0,2018,1,1,2018-01-25
434d3eec8dd031c322077fb2452e53a0,7a7893d13f178fdf58daeff7347e2d94,ec72556b5da399d24fe06338e816a9ac,fd386aa7bed2af3c7035c65506c9b4a3,76.29,5.0,2018,5,2,2018-05-08
3ef7c7b43ae449415675a6c34720b78e,cae507afa38570ca8b08ae0cbcadd5d5,b15b38f8a24ce6254dfa5bc5a06f18c5,8f580d36c1e9d6fbce95283403c7d447,403.32,4.0,2018,6,2,2018-06-16
7e3e92dc3eaf5389f32da97228f7dd0e,62d50e9a714ac024c196d9548594e2aa,f0bc0aed23d451f89495f7650d81e244,a3a38f4affed601eb87a97788c949667,95.21,5.0,2017,7,3,2017-07-02
4d95703047b8a80cf5796b7478900ec7,da18c242eff18510c1df2f0337a9be95,f10d3472b287e627cf92e5ff1d8b88f2,41b39e28db005d9731d9d485a83b4c38,103.5,5.0,2018,1,1,2018-01-23
955e2b622db1a1f4031ef035ce9a861f,8d0c2ae2c7b532f0e90bdd06bc9a04b7,bc74f63361c15c1a5baa5b97ac432e62,4869f7a5dfa277a7dca6462dcf3b52b2,211.89,5.0,2018,1,1,2018-01-16
cf8f7b73e35cb19ff895c2f45c1ded72,2d9cd6d6d59bfd360ba595e45d097409,3d36f403ac27db5c5b8faa68836e3d1f,77530e9772f57a62c906e1c21538ab82,111.4,2.0,2018,2,1,2018-02-22
fd9b8ed51e5ffedf7a56bea36cc5b6f9,0385c03f2b10a0a50ee72d8e3649a4b3,0ef8c1b31d81d6b4453f70a61321f73e,fa1a9dec3a9940c072684a46728bf1fc,43.32,5.0,2018,3,1,2018-03-30
fd9b8ed51e5ffedf7a56bea36cc5b6f9,0385c03f2b10a0a50ee72d8e3649a4b3,0ef8c1b31d81d6b4453f70a61321f73e,fa1a9dec3a9940c072684a46728bf1fc,100.0,5.0,2018,3,1,2018-03-30
bb4f0c21ae6014e40ef007ff6fbcbeb9,94f7f1cb719dd707fd437e918d282537,0768657d39e02ff11e1a30708e010588,c458e2045a8aa8964f8879af03fdcce6,31.06,5.0,2017,2,1,2017-02-12
bb4f0c21ae6014e40ef007ff6fbcbeb9,94f7f1cb719dd707fd437e918d282537,0768657d39e02ff11e1a30708e010588,c458e2045a8aa8964f8879af03fdcce6,14.89,5.0,2017,2,1,2017-02-12
f31535f21d145b2345e2bf7f09d62322,ed532487db04478dfba09d112649fc13,f196248e8b5d060cca414a664ea9a76f,91f0eec23d4a61d7d7caeefa3f0ad1ca,100.0,1.0,2018,2,1,2018-02-01
f31535f21d145b2345e2bf7f09d62322,ed532487db04478dfba09d112649fc13,f196248e8b5d060cca414a664ea9a76f,91f0eec23d4a61d7d7caeefa3f0ad1ca,123.26,1.0,2018,2,1,2018-02-01
d86359a45e3f6c6d8b35f7b13e41abf5,a1acf95041edd043087a040e89449636,a62e25e09e05e6faf31d90c6ec1aa3d1,634964b17796e64304cadf1ad3050fb7,124.7,5.0,2018,6,2,2018-06-06
248ff7b41bfa395f5ee828720889e664,754862f813b4662e840ff16a52db05f0,abaf51d7a67cc363c8da7ae77d15ecdb,23ff42c4bf1f8f16cddb19d8b972974a,41.69,3.0,2017,11,4,2017-11-17
2d5cdc856665603f1580e3586bde89a5,caecab08cac2be52d89f87462765b4f4,9ddd762ee8a13576a809dc66f22aa2b5,da8622b14eb17ae2831f4ac5b9dab84a,216.93,5.0,2018,1,1,2018-01-30
b06112f703115e6d92f3baf4e2458a5a,1224a9f43655b57c469ab096e6ba5dc2,f40876e0ef3cd5f9132b1f16b04b1346,620c87c171fb2a6dd6e8bb4dec959fc6,241.74,5.0,2018,3,1,2018-03-07
45ac1d4b219993bf334080eac1585166,a7d1dc2de29fc011bf5f947f8a8636c7,34dc9ba20762290886d4d94d07a102e3,5b925e1d006e9476d738aa200751b73b,136.37,5.0,2018,1,1,2018-01-10
51fc12a7908ea200b269a6ecfb3e7740,abbfa19a38ba17ff02883ba523a9d42f,23384f296aa1bf6461d22912093a9847,891071be6ba827b591264c90c2ae8a63,30.96,4.0,2017,2,1,2017-02-08
c228d309379c3ae545cc6ca2d5aae1b2,eca5e1383292be5fc6c5b1aa3e1215b5,157ee978f4fcdf8984b0bb33a6687fde,e9779976487b77c6d4ac45f75ec7afe9,48.83,5.0,2018,6,2,2018-06-30
f419e615bbdeb34741d4bdd661ff8599,271f76c70ce217ee656713b99097eaef,18f6ea7e8cff29f8053baac6762449f9,f80edd2c5aaa505cc4b0a3b219abf4b8,75.1,5.0,2018,8,3,2018-08-08
c10ff28c81d0b9bd2a265bb0836c8b0c,05535d34af5324aaf6988e1d890a0d6e,e070a61270050c4b1b704300f331cca6,66922902710d126a0e7d26b0e3805106,76.67,4.0,2017,10,4,2017-10-05
638f79643fd5681c6e6c6ef1f1ab700d,69d8d9775287ba592a957eba2211d351,ba74c6b75d2ad7503175809688d5a03c,7d13fca15225358621be4086e1eb0964,198.12,5.0,2018,4,2,2018-04-10
a094215e786240fcfefb83d18036a1cd,86acfb656743da0c113d176832c9d535,5a848e4ab52fd5445cdc07aab1c40e48,c826c40d7b19f62a09e2d7c5e7295ee2,132.05,5.0,2018,2,1,2018-02-08
86e574a0701d15590bf31783bc7de5dc,cacade100f1ef4bb325438538d726a76,2c82351074f92b0f7225437cea2b47c6,2b3b9ce054da76a7428df143a567b156,112.46,4.0,2018,7,3,2018-07-12
fb9b2930f4a30f96c7cc98eaaa85e5f0,02ed2cff54eb047cdbe79dd0535945d4,6f9771652ad5ec58e58f50475d6bfe0e,cca3071e3e9bb7d12640c9fbe2301306,84.43,1.0,2017,11,4,2017-11-24
8e24261a7e58791d10cb1bf9da94df5c,64a254d30eed42cd0e6c36dddb88adf0,,,84.0,1.0,2017,11,4,2017-11-16
02aec12849744e266394182861265286,076dcea2eb6c8dbe9354f7c0d8670a00,8aa6223e400af9c97b07c75993142721,1f9ab4708f3056ede07124aad39a2554,210.64,5.0,2017,8,3,2017-08-31
f11b36b3bc7bacf06deef862ed611f02,ae8db0691449a44352e7d535ddf78c5e,9ad75bd7267e5c724cb42c71ac56ca72,8160255418d5aaa7dbdc9f4c64ebda44,124.76,4.0,2018,5,2,2018-05-15
2c3a5e5f5bc3ae78ed5748461e62d47d,5f2bc926ec92aa65c33b70ed59e74175,d8de812ed5d981fc6a3984f4caa2aa05,54a1852d1b8f10312c55e906355666ee,69.73,5.0,2018,1,1,2018-01-22
4eeecb9e657525024b9b538730c5f974,b7a7e149c4a6120ec3938bd2752683c2,91b08d34d0ba4db44da2dc382867ba49,b76dba6c951ab00dc4edf0a1aa88037e,31.22,5.0,2018,6,2,2018-06-16
6f954a919130aa1e8def4ed1b9fca432,d929280e89af72c9509d90a5912adaa4,84bfcd3c1a4f15e9bd5867a775e232d9,116ccb1a1604bc88e4d234a8c23f33de,22.18,5.0,2018,7,3,2018-07-28
56bd45163229b35ca0ab490c1e3d3233,f8975f0842ae1e4670a410a02b1b5053,6f5cff7499746e6f722c4dcee24f7437,dc4a0fc896dc34b0d5bfec8438291c80,76.85,5.0,2017,11,4,2017-11-28
6bb1e842418aac0c9c820afd3bb63a2d,032f25110f17bb0d65268257b10738bc,f361fccba568fabe00db466f80626d1e,85d9eb9ddc5d00ca9336a2219c97bb13,32.69,4.0,2018,2,1,2018-02-11
28fa410eec232354726af94904c6fa9b,229755021cdd010bc07d4f5b35c78ef6,61a53738adc5c0e8d243553320f9ba1c,7c67e1448b00f6e969d365cea6b010ab,100.57,5.0,2018,3,1,2018-03-17
f93af565de05d2427790ad8d0368a80e,abd4fba77f31f5efdc766a09851e4da3,2b4609f8948be18874494203496bc318,cc419e0650a3c5ba77189a1882b7556a,88.31,5.0,2018,6,2,2018-06-03
3f3913e8c7fd221ac82a34ffa20b93ee,a9c6cd6cf9583fa5820d55c21238f78e,880be32f4db1d9f6e2bec38fb6ac23ab,fa40cc5b934574b62717c68f3d678b6d,55.56,5.0,2018,5,2,2018-05-07
